{
  "project_info": {
    "project_number": "1063545212403",
    "project_id": "app-sem7",
    "storage_bucket": "app-sem7.firebasestorage.app"
  },
  "client": [
    {
      "client_info": {
        "mobilesdk_app_id": "1:1063545212403:android:b91ccdaf8156ab64665686",
        "android_client_info": {
          "package_name": "com.example.my_appms1"
        }
      },
      "oauth_client": [],
      "api_key": [
        {
          "current_key": "AIzaSyBLRprdlAzD8gmqQnFLes1bzQsviMbBDwA"
        }
      ],
      "services": {
        "appinvite_service": {
          "other_platform_oauth_client": []
        }
      }
    },
    {
      "client_info": {
        "mobilesdk_app_id": "1:1063545212403:android:584157d128db77d1665686",
        "android_client_info": {
          "package_name": "com.example.myapplicationsem7"
        }
      },
      "oauth_client": [],
      "api_key": [
        {
          "current_key": "AIzaSyBLRprdlAzD8gmqQnFLes1bzQsviMbBDwA"
        }
      ],
      "services": {
        "appinvite_service": {
          "other_platform_oauth_client": []
        }
      }
    }
  ],
  "configuration_version": "1"
}